"Source:","D:\New folder\KiCad\CM4IO-KiCAD\CM4IOv5.kicad_sch"
"Date:","23-02-2024 01:00:37 PM"
"Tool:","Eeschema 7.0.10"
"Generator:","C:\Program Files\KiCad\7.0\bin\scripting\plugins/bom_csv_grouped_by_value.py"
"Component Count:","172"

"Collated Components:"

"Item","Qty","Reference(s)","Value","LibPart","Footprint","Datasheet","DNP","Availability","Check_prices","Description","Field4","Field5","Field6","Field7","Field8","MANUFACTURER","MAXIMUM_PACKAGE_HEIGHT","MAXIMUM_PACKAGE_HIEGHT","MF","MP","PARTREV","Package","Part Description","Price","Purchase-URL","SNAPEDA_PN","STANDARD","SnapEDA_Link"
"1","1","BT1","Battery_Cell","Device:Battery_Cell","Battery:BatteryHolder_Keystone_3034_1x20mm","https://www.keyelco.com/userAssets/file/M65p9.pdf","","","","","Digikey","36-3034-ND","3034","Keystone","","","","","","","","","	Battery Retainer Coin, 20.0mm 1 Cell SMD (SMT) Tab","","","","",""
"2","18","C1, C3, C4, C7, C11, C12, C13, C14, C15, C22, C23, C24, C29, C40, C46, C57, C58, C62","100n","Device:C","Capacitor_SMD:C_0402_1005Metric","https://search.murata.co.jp/Ceramy/image/img/A01X/G101/ENG/GRM155R71C104KA88-01.pdf","","","","","Farnell","2611911","RM EMK105 B7104KV-F","TAIYO YUDEN EUROPE GMBH","110091611","","","","","","","","	0.1uF 10% 16V Ceramic Capacitor X7R 0402 (1005 Metric)","","","","",""
"3","16","C2, C5, C6, C10, C17, C19, C20, C21, C30, C31, C32, C33, C47, C49, C51, C52","10u","Device:C","Capacitor_SMD:C_0805_2012Metric","https://search.murata.co.jp/Ceramy/image/img/A01X/G101/ENG/GRM21BR71A106KA73-01.pdf","","","","","Digikey","490-14381-1-ND","GRM21BR71A106KA73L","Murata","111893011","","","","","","","","	10uF 10% 10V Ceramic Capacitor X7R 0805 (2012 Metric)","","","","",""
"4","2","C8, C9","27pF","Device:C","Capacitor_SMD:C_0402_1005Metric","https://search.murata.co.jp/Ceramy/image/img/A01X/G101/ENG/GJM1555C1H270JB01-01.pdf","","","","","Digikey","490-17672-1-ND","GJM1555C1H270JB01D","Murata","UCAP00738 ","","","","","","","","	27pF 5% 50V Ceramic Capacitor C0G, NP0 0402 (1005 Metric)","","","","",""
"5","3","C16, C18, C45","100uF","Device:CP","Capacitor_Tantalum_SMD:CP_EIA-7343-31_Kemet-D","~","","","","","Mouser","667-EEF-CX0J101R","","","","","","","","","","","Capacitor, SP-Cap, 100u, 6.3V, 15mR ESR","","","","",""
"6","13","C25, C26, C27, C28, C34, C35, C37, C38, C39, C41, C42, C43, C44","10u 35v","Device:C","Capacitor_SMD:C_0805_2012Metric","https://www.murata.com/en-global/products/productdetail.aspx?partno=GRM21BC8YA106ME11%23","","","","","Digikey","490-10505-1-ND","GRM21BC8YA106KE11L ","Murata","","","","","","","","","	10uF 10% or 20% 35V Ceramic Capacitor X6S 0805 (2012 Metric)","","","","",""
"7","1","C36","100n 100v","Device:C","Capacitor_SMD:C_0402_1005Metric","https://psearch.en.murata.com/capacitor/product/GRM155R62A104KE14%23.pdf","","","","","Farnell","2611907","GRM155R62A104KE14D","Murata","","","","","","","","","	0.1uF 10% 100V Ceramic Capacitor X5R 0402 (1005 Metric)","","","","",""
"8","1","C48","0.1u","Device:C","Capacitor_SMD:C_0402_1005Metric","~","","","","","","","","","","","","","","","","","","","","","",""
"9","4","C59, C61, C63, C65","nf","Device:C","Capacitor_SMD:C_0402_1005Metric","~","","","","","Farnell","2666374","GRM1555C1H221JA01D","Murata","","","","","","","","","220 pF, 50 V, 0402 [1005 Metric], ± 5%, C0G / NP0/CH, GCM Series","","","","",""
"10","2","C60, C64","1.2nF","Device:C","Capacitor_SMD:C_0402_1005Metric","http://www.farnell.com/datasheets/2734135.pdf?_ga=2.259347658.1738794919.1588350964-1787849031.1568210898&_gac=1.15394434.1588350964.EAIaIQobChMIgrHHs4yT6QIVxevtCh39TA_nEAAYASAAEgK8PfD_BwE","","","","","Digikey","490-16429-1-ND","GCM155R71H122KA37D","Murata","","","","","","","","","1200pF 10% 10V Ceramic Capacitor X5R 0402 (1005 Metric)","","","","",""
"11","1","D1","LED Red","Device:LED","LED_SMD:LED_0603_1608Metric","http://optoelectronics.liteon.com/upload/download/DS22-2000-210/LTST-S270KRKT.pdf","","","","","Digikey ","	LTST-S270KRKT","SML-A12U8TT86Q","Rohm","650295101","","","","","","","","	Red 620nm LED Indication - Discrete 2.2V 2-SMD, No Lead","","","","",""
"12","2","D2, D5","LED Green","Device:LED","LED_SMD:LED_0603_1608Metric","http://optoelectronics.liteon.com/upload/download/DS22-2000-226/LTST-S270KGKT.pdf","","","","","Digikey ","LTST-S270KGKT","SML-A12M8TT86N","Rohm","650263301","","","","","","","","	Green 572nm LED Indication - Discrete 2.2V 2-SMD, No Lead","","","","",""
"13","1","D3","BAT54C-7-F","Diode:BAT54C","Package_TO_SOT_SMD:SOT-23","http://www.farnell.com/datasheets/2861240.pdf?_ga=2.129831176.54358802.1587372871-1787849031.1568210898&_gac=1.175311126.1587399424.EAIaIQobChMInOvF07P36AIVw7HtCh0NWwCeEAAYAyAAEgI0YfD_BwE","","","","","Farnell","2306010","BAT54C-7-F","Rohm","","","","","","","","","Diode Array 1 Pair Common Cathode Schottky 30V 200mA (DC) Surface Mount TO-236-3, SC-59, SOT-23-3","","","","",""
"14","1","D4","MMBZ5242BLT3G","Diode:BZX84Cxx","Diode_SMD:D_SOT-23_ANK","https://diotec.com/tl_files/diotec/files/pdf/datasheets/bzx84c2v4.pdf","","","","","Digikey","	MMBZ5242BLT3GOSCT-ND","MMBZ5242BLT3G","Onsemi","","","","","","","","","	Zener Diode 12V 225mW 5% Surface Mount SOT-23-3 (TO-236)","","","","",""
"15","8","H1, H2, H3, H4, H5, H6, H7, H8","MountingHole","Mechanical:MountingHole","MountingHole:MountingHole_2.7mm_M2.5","~","","","","","nf","nf","nf","nf","","","","","","","","","M2.5 mounting hole","","","","",""
"16","2","J1, J3","Conn_01x03","Connector_Generic:Conn_01x03","Connector_PinHeader_2.54mm:PinHeader_1x03_P2.54mm_Vertical","~","","","","","nf","nf","nf","nf","","","","","","","","","3pin 0.1"" connector","","","","",""
"17","1","J2","Conn_02x07_Odd_Even","Connector_Generic:Conn_02x07_Odd_Even","Connector_PinHeader_2.54mm:PinHeader_2x07_P2.54mm_Vertical","https://www.toby.co.uk/uploads/publications/1673.pdf","","","","","Toby","THD-07-R","THD-07-R","Toby","","","","","","","","","PinHeader_2x07_P2.54mm_Vertical","","","","",""
"18","4","J4, J5, J15, J16","Conn_01x22_Female","Connector:Conn_01x22_Female","CM4IO:Hirose_FH12-22S-0.5SH_1x22-1MP_P0.50mm_Horizontal","https://www.hirose.com/product/document?clcode=&productname=&series=FH12&documenttype=Catalog&lang=en&documentid=D31648_en","","","","","Mouser","798-FH12-22S-0.5SH55","FH12-22S-0.5SH55","Hirose","","","","","","","","","22 Position FFC, FPC Connector Contacts, Bottom 0.020"" (0.50mm) Surface Mount, Right Angle","","","","",""
"19","2","J6, J9","THD-02-R","Connector_Generic:Conn_02x02_Odd_Even","Connector_PinHeader_2.54mm:PinHeader_2x02_P2.54mm_Vertical","https://www.toby.co.uk/uploads/publications/1673.pdf","","","","","Toby","THD-02-R","151-604-425-761","EDAC","UCON00791","","","","","","","","PinHeader_2x02_P2.54mm_Vertical","","","","",""
"20","1","J7","Micro_SD_Card_Det","Connector:Micro_SD_Card_Det","CM4IO:SDCARD_MOLEX_503398-1892","https://www.hirose.com/product/en/download_file/key_name/DM3/category/Catalog/doc_file_id/49662/?file_category_id=4&item_id=195&is_series=1","","","","","Farnell","2358234","503398-1892","Molex","UCON00512","","","","","","","","9 (8 + 1) Position Card Connector microSD™ Surface Mount, Right Angle Gold","","","","",""
"21","1","J8","THD-20-R","Connector_Generic:Conn_02x20_Odd_Even","Connector_PinHeader_2.54mm:PinHeader_2x20_P2.54mm_Vertical","https://www.toby.co.uk/uploads/publications/1673.pdf","","","","","Toby","THD-20-R","THD-20-R","Toby","UCON00511","","","","","","","","PinHeader_2x20_P2.54mm_Vertical","","","","",""
"22","2","J10, J22","690-019-298-412","CM4IO:HDMI_A_1.4","CM4IO:EDAC 690-019-298-412","https://www.tme.eu/Document/f15dffbcfad8545e17826f72d36911c8/206A-SEAN-R03.pdf","","","","","Farnell","2614936","690-019-298-412","EDAC","UCON00802","","","","","","","","HDMI Connector, Right Angle, 19 Contacts, Receptacle, Surface Mount, Surface Mount Right Angle","","","","",""
"23","1","J11","USB_OTG","Connector:USB_OTG","CM4IO:USB_Micro-B_EDAC_UCON00686","https://cdn.amphenol-icc.com/media/wysiwyg/files/documentation/datasheet/inputoutput/io_usb_micro.pd","","","","","Digikey","609-4050-2-ND","690-005-298-486","EDAC","UCON00686","","","","","","","","USB - micro B USB 2.0 Receptacle Connector 5 Position Surface Mount, Right Angle; Through Hole","","","","",""
"24","1","J12","10018783-11200TLF","CM4IO:PCIe-x1","CM4IO:PCIex1-36","https://www.mouser.co.uk/datasheet/2/18/10018783-1525093.pdf","","","","","Mouser","649-10018783-1200TLF","10018783-11200TLF","Amphenol FCI","","","","","","","","","PCI Express/PCI Connectors PCIE THROUGH HOLE 36P","","","","",""
"25","1","J13","690-008-221-904","CM4IO:USB_67298-4090","CM4IO:MOLEX_USB_67298-4090","https://www.molex.com/pdm_docs/sd/672984090_sd.pdf","","","","","Farnell","	2751688","690-008-221-904","EDAC","UCON00727","","","","","","","","USB-A (USB TYPE-A), Stacked Receptacle Connector 8 Position Through Hole, Right Angle","","","","",""
"26","1","J14","Conn_02x05_Odd_Even","Connector_Generic:Conn_02x05_Odd_Even","Connector_PinHeader_2.54mm:PinHeader_2x05_P2.54mm_Vertical","https://www.toby.co.uk/uploads/publications/1673.pdf","","","","","Toby","THD-05-R","THD-05-R","Toby","","","","","","","","","PinHeader_2x05_P2.54mm_Vertical","","","","",""
"27","1","J17","Molex 470531000","Connector_Generic:Conn_01x04","Connector:FanPinHeader_1x04_P2.54mm_Vertical","https://www.molex.com/pdm_docs/sd/470531000_sd.pdf","","","","","Farnell","	2313705","470531000","Molex","","","","","","","","","	Connector Header Through Hole 4 position 0.100"" (2.54mm)","","","","",""
"28","1","J18","Conn_01x06","Connector_Generic:Conn_01x06","Connector_PinSocket_2.54mm:PinSocket_1x06_P2.54mm_Vertical","~","","","","","","","","","","","","","","","","","","","","","",""
"29","1","J19","Barrel_Jack","CM4IO:Barrel_Jack","CM4IO:BarrelJack_Horizontal","https://www.toby.co.uk/uploads/publications/842.pdf","","","","","Toby","DC-001-A-2.1mm-R","DC-001-A-2.1mm-R","Valcon","","","","","","","","","DC Power Connectors PCB 2.1MM","","","","",""
"30","1","J20","AMP171826-4","Connector_Generic:Conn_01x04","171826-4:TE_171826-4","https://www.te.com/usa-en/product-171826-4.html","","","","","Farnell","	1056115","AMP171826-4","AMP-TE","","","","","","","","","Wire-To-Board Connector, Right Angle, 2.54 mm, 4 Contacts, Header, AMP EI Series, Through Hole","","","","",""
"31","2","L3, L5","SRN6045TA-3R3Y","pspice:INDUCTOR","Inductor_SMD:L_Bourns_SRN6045TA","https://www.bourns.com/docs/Product-Datasheets/SRN6045TA.pdf","","","","","Farnell","2616889","SRN6045TA-3R3Y","Bourns","","","","","","","","","3.3µH Semi-Shielded Wirewound Inductor 7.8A 21mOhm Nonstandard","","","","",""
"32","1","Module1","ComputeModule4","CM4IO:ComputeModule4-CM4","CM4IO:Raspberry-Pi-4-Compute-Module","","","","","","Hirose","2off DF40C-100DS-0.4V","2off DF40C-100DS-0.4V","Hirose","","","","","","","","","	100 Position Connector Receptacle, Center Strip Contacts Surface Mount Gold","","","","",""
"33","1","Q1","DMP3013SFV-7","Transistor_FET:DMP3013SFV","Package_SON:Diodes_PowerDI3333-8","https://www.diodes.com/assets/Datasheets/DMP3013SFV.pdf","","","","","Farnell","3405192","DMP3013SFV-7","Diodes","","","","","","","","","DMP3013SFV-7 -  Power MOSFET, P Channel, 30 V, 12 A, 0.008 ohm, PowerDI3333, Surface Mount","","","","",""
"34","3","R1, R10, R43","1k","Device:R","Resistor_SMD:R_0402_1005Metric","https://fscdn.rohm.com/en/products/databook/datasheet/passive/resistor/chip_resistor/mcr-e.pdf","","","","","Farnell","9239235","RK73H1ETTP1001F","KOA EUROPE GMBH","125049511","","","","","","","","Resistor 1K M1005 1% 63mW","","","","",""
"35","2","R2, R3","470R","Device:R","Resistor_SMD:R_0402_1005Metric","https://fscdn.rohm.com/en/products/databook/datasheet/passive/resistor/chip_resistor/mcr-e.pdf","","","","","Farnell","9239197","RK73G1ETQTP4700D         ","KOA EUROPE GMBH","120887981","","","","","","","","Resistor 470R M1005 1% 63mW","","","","",""
"36","1","R4","nf","Device:R","Resistor_SMD:R_0805_2012Metric_Pad1.15x1.40mm_HandSolder","https://fscdn.rohm.com/en/products/databook/datasheet/passive/resistor/chip_resistor/mcr-e.pdf","","","","","nf","nf","nf","","","","","","","","","","","","","","",""
"37","1","R5","0R","Device:R","Resistor_SMD:R_0805_2012Metric_Pad1.15x1.40mm_HandSolder","https://fscdn.rohm.com/en/products/databook/datasheet/passive/resistor/chip_resistor/mcr-e.pdf","","","","","Farnell","9233750","MCR10EZPJ000","Rohm","121629591","","","","","","","","Resistor 0R M2012 5% ","","","","",""
"38","5","R6, R7, R8, R11, R28","2.2K 1%","Device:R","Resistor_SMD:R_0402_1005Metric","https://fscdn.rohm.com/en/products/databook/datasheet/passive/resistor/chip_resistor/mcr-e.pdf","","","","","Farnell","9239278","RK73G1ETQTP2201D         ","KOA EUROPE GMBH","120889581","","","","","","","","Resistor 2.2K M1005 1% 63mW","","","","",""
"39","2","R9, R22","10R","Device:R","Resistor_SMD:R_0402_1005Metric","https://fscdn.rohm.com/en/products/databook/datasheet/passive/resistor/chip_resistor/mcr-e.pdf","","","","","Farnell","9238999","RC0402FR-0710RL","Yageo","URES00256","","","","","","","","Resistor 10R M1005 1% 63mW","","","","",""
"40","5","R12, R13, R14, R16, R21","36K 1%","Device:R","Resistor_SMD:R_0402_1005Metric","https://fscdn.rohm.com/en/products/databook/datasheet/passive/resistor/chip_resistor/mcr-e.pdf","","","","","Farnell","1458788","MCR01MZPF3602","Rohm","","","","","","","","","Resistor 36K M1005 1% 63mW","","","","",""
"41","5","R15, R23, R26, R27, R29","12K 1%","Device:R","Resistor_SMD:R_0402_1005Metric","https://fscdn.rohm.com/en/products/databook/datasheet/passive/resistor/chip_resistor/mcr-e.pdf","","","","","Farnell","9239367","MCR01MZPF1202","Rohm","","","","","","","","","Resistor 12K M1005 1% 63mW","","","","",""
"42","2","R17, R18","nf","Device:R","Resistor_SMD:R_0402_1005Metric","https://fscdn.rohm.com/en/products/databook/datasheet/passive/resistor/chip_resistor/mcr-e.pdf","","","","","Farnell","9239235","RK73H1ETTP1001F","KOA EUROPE GMBH","125049511","","","","","","","","Resistor 1K M1005 1% 63mW","","","","",""
"43","2","R19, R20","510K 1%","Device:R","Resistor_SMD:R_0402_1005Metric","https://fscdn.rohm.com/en/products/databook/datasheet/passive/resistor/chip_resistor/mcr-e.pdf","","","","","Farnell","1458807","MCR01MZPF5103","Rohm","","","","","","","","","Resistor 510K M1005 1% 63mW","","","","",""
"44","1","R24","47K 1%","Device:R","Resistor_SMD:R_0402_1005Metric","https://fscdn.rohm.com/en/products/databook/datasheet/passive/resistor/chip_resistor/mcr-e.pdf","","","","","Farnell","9239430","RK73G1ETQTP4702D  ","KOA EUROPE GMBH","120892781","","","","","","","","Resistor 47K M1005 1% 63mW","","","","",""
"45","1","R25","20K 1%","Device:R","Resistor_SMD:R_0402_1005Metric","https://fscdn.rohm.com/en/products/databook/datasheet/passive/resistor/chip_resistor/mcr-e.pdf","","","","","Farnell","2331485","RK73H1ETTP2002F","KOA EUROPE GMBH","","","","","","","","","Resistor 20K M1005 1% 63mW","","","","",""
"46","2","R30, R36","15K 1%","Device:R","Resistor_SMD:R_0402_1005Metric","https://fscdn.rohm.com/en/products/databook/datasheet/passive/resistor/chip_resistor/mcr-e.pdf","","","","","Farnell","9239375","MCR01MZPF1502","Rohm","120891581","","","","","","","","Resistor 15K M1005 1% 63mW","","","","",""
"47","11","R31, R32, R33, R34, R35, R37, R38, R39, R40, R41, R42","0","Device:R","Resistor_SMD:R_0201_0603Metric","~","","","","","","","","","","","","","","","","","","","","","",""
"48","8","TP1, TP2, TP3, TP4, TP5, TP6, TP7, TP8","TestPoint","Connector:TestPoint","TestPoint:TestPoint_Pad_2.0x2.0mm","~","","","","","nf","nf","nf","nf","","","","","","","","","","","","","",""
"49","3","U1, U2, U4","TPD4EUSB30","CM4IO:TPD4EUSB30","Package_SON:USON-10_2.5x1.0mm_P0.5mm","http://www.ti.com/lit/ds/symlink/tpd2eusb30a.pdf","","","","","Farnell","2335455","CDDFN10-3324P-13","Bourns","UDIO00346","","","","","","","","Quad TVS diode for high speed signals (USB3, GigE etc.)","","","","",""
"50","1","U3","MagJack-A70-112-331N126","CM4IO:MagJack-A70-112-331N126","CM4IO:TRJG0926HENL","https://p.globalsources.com/IMAGES/PDT/SPEC/690/K1160305690.pdf","","","","","","","TRJG0926HENL","Trxcon","UCON00900","","","","","","","","Gigabit Ethernet Magjack","","","","",""
"51","4","U5, U9, U14, U19","74LVC1G07SE-7","CM4IO:74LVC1G07_copy","Package_TO_SOT_SMD:SOT-353_SC-70-5","https://www.diodes.com/assets/Datasheets/74LVC1G07.pdf","","","","","Farnell","2425492","74LVC1G07SE-7","Diodes","","","","","","","","","Buffer, Non-Inverting 1 Element 1 Bit per Element Open Drain Output SOT-353","","","","",""
"52","1","U6","USB2514B-I/M2","Interface_USB:USB2514B_Bi","Package_DFN_QFN:QFN-36-1EP_6x6mm_P0.5mm_EP3.7x3.7mm","http://ww1.microchip.com/downloads/en/DeviceDoc/00001692C.pdf","","","","","Farnell","2775060","USB2514B-I/M2","Microchip","UICC00931","","","","","","","","	USB Hub Controller USB Interface 36-SQFN (6x6)","","","","",""
"53","1","U7","AP22653W6","CM4IO:AP2553W6","Package_TO_SOT_SMD:SOT-23-6","https://www.diodes.com/assets/Datasheets/AP255x.pdf","","","","","Digikey","	31-AP22653W6-7CT-ND","AP22653W6","Diodes","","","","","","","","","	Power Switch/Driver 1:1 P-Channel 2.1A SOT-23-6","","","","",""
"54","1","U8","PCF85063AT/AAZ","Timer_RTC:PCF8563T","Package_SO:SOIC-8_3.9x4.9mm_P1.27mm","https://www.nxp.com/docs/en/data-sheet/PCF85063A.pdf","","","","","Farnell","2890042","PCF85063AT/AAZ","NXP","","","","","","","","","Real Time Clock (RTC) IC Clock/Calendar I²C, 2-Wire Serial 8-SOIC (0.154"", 3.90mm Width)","","","","",""
"55","1","U10","ATWILC3000-MR110CA","ATWILC3000-MR110CA:ATWILC3000-MR110CA","CM4IO:MICROCHIP_ATWILC3000-MR110CA","","","In Stock","https://www.snapeda.com/parts/ATWILC3000-MR110CA/Microchip/view-part/?ref=eda","Bluetooth, WiFi 802.11b/g/n, Bluetooth v5.0 Transceiver Module 2.4GHz Integrated, Chip Surface Mount","","","","","","Microchip","","","Microchip","ATWILC3000-MR110CA","B","Module Microchip","","None","https://www.snapeda.com/api/url_track_click_mouser/?unipart_id=613008&manufacturer=Microchip&part_name=ATWILC3000-MR110CA&search_term=atwilc3000","","Manufacturer recommendation","https://www.snapeda.com/parts/ATWILC3000-MR110CA/Microchip/view-part/?ref=snap"
"56","1","U11","EMC2301-1-ACZL-TR","CM4IO:EMC2301","Package_SO:MSOP-8_3x3mm_P0.65mm","https://ww1.microchip.com/downloads/en/DeviceDoc/2301.pdf","","","","","Digikey","EMC2301-1-ACZL-CT-ND","EMC2301-1-ACZL-TR","Microchip","","","","","","","","","Motor Driver PWM 8-MSOP","","","","",""
"57","1","U12","RT9742SNGV","CM4IO:RT9742SNGV","Package_TO_SOT_SMD:SOT-23","https://www.richtek.com/assets/product_file/RT9742/DS9742-09.pdf","","","","","Farnell","2575555","RT9742SNGV","RichTek","USWI00155","","","","","","","","Power Switch/Driver 1:1 N-Channel 500mA SOT-23-3","","","","",""
"58","1","U13","FSUSB42MUX","CM4IO:FSUSB42MX","Package_SO:MSOP-10_3x3mm_P0.5mm","https://www.onsemi.com/pub/Collateral/FSUSB42-D.PDF","","","","","Farnell","2564479","FSUSB42MUX","Onsemi","","","","","","","","","USB Switch IC 1 Channel 10-MSOP","","","","",""
"59","1","U15","AP64501SP-13","CM4IO:AP64351","CM4IO:SOIC-8-1EP_3.9x4.9mm_P1.27mm_EP2.95x4.9mm_Mask2.71x3.4mm_ThermalVias","https://www.diodes.com/assets/Datasheets/AP64501.pdf","","","","","Digikey","31-AP64501SP-13CT-ND","AP64501SP-13","Diodes","","","","","","","","","Buck Switching Regulator IC Positive Adjustable 0.8V 1 Output 5A 8-SOIC (0.154"", 3.90mm Width) Exposed Pad","","","","",""
"60","1","U16","AP64501SP-13","CM4IO:AP64351","Package_SO:SOIC-8-1EP_3.9x4.9mm_P1.27mm_EP2.95x4.9mm_Mask2.71x3.4mm_ThermalVias","https://www.diodes.com/assets/Datasheets/AP64501.pdf","","","","","Digikey","31-AP64501SP-13CT-ND","AP64501SP-13","Diodes","","","","","","","","","Buck Switching Regulator IC Positive Adjustable 0.8V 1 Output 5A 8-SOIC (0.154"", 3.90mm Width) Exposed Pad","","","","",""
"61","1","U17","XBee_SMT","RF_ZigBee:XBee_SMT","RF_Module:Digi_XBee_SMT","http://www.digi.com/resources/documentation/digidocs/pdfs/90002126.pdf","","In Stock","https://www.snapeda.com/parts/XB3-24Z8CM/Digi+International/view-part/?ref=eda","802.15.4 Zigbee® Transceiver Module 2.4GHz Integrated, Chip Surface Mount","","","","","","Digi International","","XX.Xmm","Digi International","XB3-24Z8CM","","SMD-34 Digi International","","None","https://www.snapeda.com/api/url_track_click_mouser/?unipart_id=3078056&manufacturer=Digi International&part_name=XB3-24Z8CM&search_term=zigbee","","Manufacturer Recommendations","https://www.snapeda.com/parts/XB3-24Z8CM/Digi+International/view-part/?ref=snap"
"62","1","U18","RT9742GGJ5","CM4IO:RT9742GGJ5","Package_TO_SOT_SMD:SOT-23-5","https://www.richtek.com/assets/product_file/RT9742/DS9742-00.pdf","","","","","Farnell","	2545875","RT9742GGJ5","RichTek","USWI00166","","","","","","","","	Power Switch/Driver 1:1 N-Channel 1A TSOT-23-5","","","","",""
"63","1","Y1","24MHz","Device:Crystal","Crystal:Crystal_SMD_HC49-SD","~","","","","","Farnell","2508493","X24M000000S128","AEL","","","","","","","","","24MHz Crystal 18pf 30ppm 30ppm","","","","",""
"64","1","Y2","X32K768S301","Device:Crystal_Small","Crystal:Crystal_SMD_3215-2Pin_3.2x1.5mm","~","","","","","","","X32K768S301","AEL","","","","","","","","","Crystal 32.768KHz 7pF 20pmm","","","","",""
"65","1","Y3","ASH7KW-32.768KHZ-L-T","ASH7KW-32.768KHZ-L-T:ASH7KW-32.768KHZ-L-T","CM4IO:XTAL_ASH7KW-32.768KHZ-L-T","","","In Stock","https://www.snapeda.com/parts/ASH7KW-32.768KHZ-L-T/Abracon+LLC/view-part/?ref=eda","32.768 kHz XO (Standard) CMOS Oscillator 1.2V ~ 5.5V Enable/Disable 4-SMD, No Lead","","","","","","Abracon","1.00mm","","Abracon LLC","ASH7KW-32.768KHZ-L-T","07.07.2021","SMD-4 Abracon LLC","","None","https://www.snapeda.com/api/url_track_click_mouser/?unipart_id=337565&manufacturer=Abracon LLC&part_name=ASH7KW-32.768KHZ-L-T&search_term=ash7kw-32 .768khz-l-t","ASH7KW-32.768KHZ-L-T","Manufacturer Recommendations","https://www.snapeda.com/parts/ASH7KW-32.768KHZ-L-T/Abracon+LLC/view-part/?ref=snap"
